USE AgroDataSur;

-- 1. Insertando Productos
INSERT INTO productos (codigo_producto, nombre_producto, precio_unitario) VALUES
('MAN-FJ-001', 'Manzanas Fuji Export', 900),
('ARD-PR-002', 'Arandanos Premium', 4500),
('PAP-SC-003', 'Papas Saco 25kg', 6000),
('TRG-GR-004', 'Trigo Granel Quintal', 22000),
('CER-EX-005', 'Cerezas Export Box', 3500),
('MAZ-FR-006', 'Maiz Forrajero', 15000),
('TOM-LM-007', 'Tomates Limachinos', 1200),
('UVA-MS-008', 'Uva de Mesa', 1800),
('PLT-HS-009', 'Palta Hass Calibre 1', 5000),
('CBL-ML-010', 'Cebollas Malla', 4000);

-- 2. Insertando Clientes
INSERT INTO clientes (rut_cliente, nombre, region) VALUES
('5.139.485-4', 'Juan Soto', 'La Araucanía'),
('7.951.542-4', 'Carla Diaz', 'La Araucanía'),
('5.841.389-4', 'Luis Muñoz', 'Metropolitana'),
('10.896.771-7', 'Pedro Gonzalez', 'Los Lagos'),
('15.582.188-1', 'Pedro Rojas', 'Los Ríos'),
('9.686.198-4', 'Pedro Silva', 'Los Lagos'),
('19.163.496-7', 'Jose Perez', 'Metropolitana'),
('10.869.381-9', 'Luis Muñoz', 'La Araucanía'),
('7.711.886-9', 'Luis Soto', 'Los Ríos'),
('6.726.156-0', 'Jose Muñoz', 'La Araucanía'),
('7.493.518-9', 'Luis Diaz', 'La Araucanía'),
('15.413.682-2', 'Jose Perez', 'Metropolitana'),
('18.733.954-4', 'Maria Soto', 'Los Lagos'),
('14.392.817-5', 'Francisca Silva', 'Los Ríos'),
('15.250.120-6', 'Francisca Perez', 'Metropolitana'),
('13.179.971-8', 'Luis Gonzalez', 'Los Ríos'),
('12.468.720-1', 'Luis Muñoz', 'Metropolitana'),
('12.530.919-7', 'Maria Contreras', 'Los Ríos'),
('19.928.255-1', 'Carla Gonzalez', 'Metropolitana'),
('9.502.648-9', 'Francisca Rojas', 'La Araucanía'),
('11.253.387-9', 'Ana Diaz', 'Metropolitana'),
('24.672.250-4', 'Francisca Rojas', 'Los Ríos'),
('9.766.245-5', 'Carla Silva', 'Los Lagos'),
('13.404.775-3', 'Luis Muñoz', 'La Araucanía'),
('6.625.612-1', 'Juan Muñoz', 'Los Lagos'),
('22.265.743-4', 'Luis Gonzalez', 'Los Ríos'),
('15.891.537-7', 'Juan Muñoz', 'Los Lagos'),
('5.200.861-7', 'Ana Perez', 'Metropolitana'),
('21.857.541-1', 'Juan Muñoz', 'Metropolitana'),
('20.718.339-3', 'Carla Rojas', 'Metropolitana'),
('13.968.711-1', 'Luis Soto', 'La Araucanía'),
('20.236.496-9', 'Luis Soto', 'La Araucanía'),
('13.857.463-9', 'Ana Rojas', 'Metropolitana'),
('16.559.983-4', 'Pedro Muñoz', 'La Araucanía'),
('21.990.907-8', 'Ana Perez', 'La Araucanía'),
('23.645.345-7', 'Ana Diaz', 'Los Ríos'),
('19.650.408-6', 'Carla Silva', 'Metropolitana'),
('24.407.513-5', 'Jose Soto', 'La Araucanía'),
('24.770.180-2', 'Ana Diaz', 'Los Ríos'),
('18.231.382-9', 'Pedro Soto', 'Metropolitana'),
('12.168.524-3', 'Jose Soto', 'La Araucanía'),
('9.297.112-2', 'Luis Rojas', 'La Araucanía'),
('6.161.318-9', 'Jose Perez', 'Los Ríos'),
('22.357.467-0', 'Ana Contreras', 'Los Ríos'),
('19.912.644-0', 'Ana Diaz', 'La Araucanía'),
('8.295.668-0', 'Pedro Diaz', 'Los Lagos'),
('13.680.483-6', 'Carla Diaz', 'Metropolitana'),
('18.832.358-1', 'Francisca Perez', 'Los Ríos'),
('25.328.356-7', 'Luis Soto', 'Los Ríos'),
('22.910.721-8', 'Jose Diaz', 'Metropolitana');

-- 3. Insertando Stock por Sucursal
INSERT INTO stock (codigo_producto, sucursal, cantidad_disponible) VALUES
('MAN-FJ-001', 'Temuco-1', 612),
('MAN-FJ-001', 'Temuco-2', 307),
('MAN-FJ-001', 'Freire', 251),
('MAN-FJ-001', 'Quepe', 629),
('MAN-FJ-001', 'Pitrufquen', 81),
('MAN-FJ-001', 'Villarrica', 221),
('ARD-PR-002', 'Temuco-1', 413),
('ARD-PR-002', 'Temuco-2', 87),
('ARD-PR-002', 'Freire', 551),
('ARD-PR-002', 'Quepe', 9),
('ARD-PR-002', 'Pitrufquen', 276),
('ARD-PR-002', 'Villarrica', 970),
('PAP-SC-003', 'Temuco-1', 214),
('PAP-SC-003', 'Temuco-2', 673),
('PAP-SC-003', 'Freire', 552),
('PAP-SC-003', 'Quepe', 463),
('PAP-SC-003', 'Pitrufquen', 838),
('PAP-SC-003', 'Villarrica', 443),
('TRG-GR-004', 'Temuco-1', 669),
('TRG-GR-004', 'Temuco-2', 636),
('TRG-GR-004', 'Freire', 577),
('TRG-GR-004', 'Quepe', 164),
('TRG-GR-004', 'Pitrufquen', 564),
('TRG-GR-004', 'Villarrica', 878),
('CER-EX-005', 'Temuco-1', 96),
('CER-EX-005', 'Temuco-2', 932),
('CER-EX-005', 'Freire', 427),
('CER-EX-005', 'Quepe', 396),
('CER-EX-005', 'Pitrufquen', 702),
('CER-EX-005', 'Villarrica', 804),
('MAZ-FR-006', 'Temuco-1', 791),
('MAZ-FR-006', 'Temuco-2', 967),
('MAZ-FR-006', 'Freire', 847),
('MAZ-FR-006', 'Quepe', 958),
('MAZ-FR-006', 'Pitrufquen', 949),
('MAZ-FR-006', 'Villarrica', 756),
('TOM-LM-007', 'Temuco-1', 308),
('TOM-LM-007', 'Temuco-2', 173),
('TOM-LM-007', 'Freire', 116),
('TOM-LM-007', 'Quepe', 426),
('TOM-LM-007', 'Pitrufquen', 46),
('TOM-LM-007', 'Villarrica', 853),
('UVA-MS-008', 'Temuco-1', 311),
('UVA-MS-008', 'Temuco-2', 881),
('UVA-MS-008', 'Freire', 900),
('UVA-MS-008', 'Quepe', 281),
('UVA-MS-008', 'Pitrufquen', 377),
('UVA-MS-008', 'Villarrica', 866),
('PLT-HS-009', 'Temuco-1', 338),
('PLT-HS-009', 'Temuco-2', 546),
('PLT-HS-009', 'Freire', 622),
('PLT-HS-009', 'Quepe', 566),
('PLT-HS-009', 'Pitrufquen', 413),
('PLT-HS-009', 'Villarrica', 692),
('CBL-ML-010', 'Temuco-1', 481),
('CBL-ML-010', 'Temuco-2', 982),
('CBL-ML-010', 'Freire', 170),
('CBL-ML-010', 'Quepe', 662),
('CBL-ML-010', 'Pitrufquen', 296),
('CBL-ML-010', 'Villarrica', 704);

-- 4. Insertando Ventas (Transacciones)
INSERT INTO ventas (fecha, rut_cliente, codigo_producto, cantidad, sucursal) VALUES
('2025-03-26', '18.832.358-1', 'PAP-SC-003', 56, 'Freire'),
('2025-11-07', '16.559.983-4', 'UVA-MS-008', 28, 'Temuco-2'),
('2025-01-26', '7.951.542-4', 'UVA-MS-008', 20, 'Temuco-1'),
('2025-09-08', '15.582.188-1', 'CER-EX-005', 115, 'Freire'),
('2025-10-24', '15.250.120-6', 'TOM-LM-007', 105, 'Temuco-2'),
('2025-10-27', '15.250.120-6', 'TRG-GR-004', 39, 'Temuco-2'),
('2025-11-11', '9.297.112-2', 'CER-EX-005', 181, 'Temuco-1'),
('2025-07-22', '10.869.381-9', 'UVA-MS-008', 113, 'Quepe'),
('2025-07-13', '19.650.408-6', 'MAZ-FR-006', 144, 'Pitrufquen'),
('2025-11-27', '23.645.345-7', 'TRG-GR-004', 177, 'Temuco-1'),
('2025-04-13', '15.582.188-1', 'MAN-FJ-001', 118, 'Pitrufquen'),
('2025-06-06', '20.718.339-3', 'PLT-HS-009', 165, 'Quepe'),
('2025-06-11', '20.236.496-9', 'PLT-HS-009', 128, 'Temuco-2'),
('2025-08-06', '25.328.356-7', 'TRG-GR-004', 181, 'Temuco-1'),
('2025-04-03', '23.645.345-7', 'CBL-ML-010', 57, 'Temuco-2'),
('2025-11-13', '18.832.358-1', 'ARD-PR-002', 141, 'Temuco-2'),
('2025-11-26', '13.857.463-9', 'PAP-SC-003', 28, 'Pitrufquen'),
('2025-10-08', '19.163.496-7', 'PLT-HS-009', 147, 'Temuco-1'),
('2025-10-10', '13.968.711-1', 'ARD-PR-002', 51, 'Quepe'),
('2025-01-17', '15.582.188-1', 'CBL-ML-010', 163, 'Temuco-2'),
('2025-02-13', '19.912.644-0', 'MAZ-FR-006', 50, 'Freire'),
('2025-06-23', '15.582.188-1', 'CBL-ML-010', 100, 'Quepe'),
('2025-04-23', '7.951.542-4', 'PLT-HS-009', 96, 'Freire'),
('2025-06-16', '20.718.339-3', 'MAZ-FR-006', 72, 'Pitrufquen'),
('2025-07-19', '6.161.318-9', 'MAN-FJ-001', 152, 'Pitrufquen'),
('2025-06-07', '13.968.711-1', 'MAN-FJ-001', 151, 'Quepe'),
('2025-03-11', '13.968.711-1', 'CBL-ML-010', 77, 'Quepe'),
('2025-02-22', '21.990.907-8', 'MAZ-FR-006', 129, 'Pitrufquen'),
('2025-07-25', '11.253.387-9', 'PAP-SC-003', 148, 'Pitrufquen'),
('2025-09-04', '12.468.720-1', 'TOM-LM-007', 137, 'Temuco-2'),
('2025-02-04', '7.951.542-4', 'CER-EX-005', 88, 'Temuco-2'),
('2025-04-23', '24.407.513-5', 'MAN-FJ-001', 10, 'Pitrufquen'),
('2025-09-19', '7.493.518-9', 'PAP-SC-003', 59, 'Freire'),
('2025-09-04', '9.766.245-5', 'TRG-GR-004', 66, 'Freire'),
('2025-04-04', '12.530.919-7', 'UVA-MS-008', 30, 'Freire'),
('2025-04-23', '24.672.250-4', 'ARD-PR-002', 159, 'Temuco-2'),
('2025-11-18', '9.686.198-4', 'PLT-HS-009', 131, 'Temuco-1'),
('2025-06-24', '5.841.389-4', 'CBL-ML-010', 125, 'Pitrufquen'),
('2025-11-20', '15.413.682-2', 'CER-EX-005', 85, 'Temuco-1'),
('2025-10-06', '6.726.156-0', 'TOM-LM-007', 57, 'Quepe'),
('2025-09-17', '9.297.112-2', 'PAP-SC-003', 49, 'Villarrica'),
('2025-06-25', '24.672.250-4', 'ARD-PR-002', 29, 'Temuco-1'),
('2025-06-14', '10.869.381-9', 'CBL-ML-010', 97, 'Temuco-1'),
('2025-01-20', '22.910.721-8', 'TRG-GR-004', 55, 'Pitrufquen'),
('2025-06-22', '11.253.387-9', 'ARD-PR-002', 124, 'Villarrica'),
('2025-03-05', '23.645.345-7', 'UVA-MS-008', 144, 'Villarrica'),
('2025-08-09', '19.928.255-1', 'CBL-ML-010', 31, 'Temuco-1'),
('2025-05-21', '12.468.720-1', 'PAP-SC-003', 117, 'Quepe'),
('2025-09-17', '6.625.612-1', 'PLT-HS-009', 87, 'Temuco-2'),
('2025-02-13', '13.857.463-9', 'MAZ-FR-006', 92, 'Villarrica'),
('2025-09-21', '16.559.983-4', 'CER-EX-005', 150, 'Quepe'),
('2025-09-13', '18.231.382-9', 'TOM-LM-007', 107, 'Temuco-1'),
('2025-03-27', '7.711.886-9', 'PAP-SC-003', 68, 'Freire'),
('2025-04-15', '23.645.345-7', 'MAZ-FR-006', 163, 'Temuco-1'),
('2025-08-17', '5.200.861-7', 'CER-EX-005', 165, 'Pitrufquen'),
('2025-01-19', '6.726.156-0', 'CER-EX-005', 51, 'Temuco-1'),
('2025-07-16', '15.413.682-2', 'TOM-LM-007', 95, 'Villarrica'),
('2025-02-03', '25.328.356-7', 'MAZ-FR-006', 160, 'Temuco-2'),
('2025-07-24', '15.413.682-2', 'MAN-FJ-001', 190, 'Pitrufquen'),
('2025-01-10', '24.407.513-5', 'CBL-ML-010', 124, 'Temuco-2'),
('2025-03-26', '7.951.542-4', 'TRG-GR-004', 82, 'Pitrufquen'),
('2025-09-24', '19.650.408-6', 'TOM-LM-007', 34, 'Temuco-1'),
('2025-09-02', '22.265.743-4', 'TOM-LM-007', 20, 'Pitrufquen'),
('2025-07-15', '13.404.775-3', 'MAZ-FR-006', 34, 'Quepe'),
('2025-09-05', '18.733.954-4', 'ARD-PR-002', 68, 'Temuco-2'),
('2025-09-10', '13.680.483-6', 'CBL-ML-010', 78, 'Quepe'),
('2025-05-02', '22.357.467-0', 'ARD-PR-002', 144, 'Temuco-1'),
('2025-03-10', '7.493.518-9', 'TRG-GR-004', 190, 'Quepe'),
('2025-03-07', '19.912.644-0', 'TOM-LM-007', 137, 'Temuco-1'),
('2025-04-20', '6.625.612-1', 'TOM-LM-007', 115, 'Villarrica'),
('2025-03-02', '20.718.339-3', 'PAP-SC-003', 109, 'Temuco-2'),
('2025-05-22', '18.231.382-9', 'CBL-ML-010', 197, 'Temuco-2'),
('2025-04-08', '7.493.518-9', 'ARD-PR-002', 165, 'Quepe'),
('2025-07-14', '12.468.720-1', 'PAP-SC-003', 150, 'Villarrica'),
('2025-11-13', '8.295.668-0', 'MAN-FJ-001', 17, 'Quepe'),
('2025-05-18', '6.625.612-1', 'CBL-ML-010', 40, 'Villarrica'),
('2025-03-25', '6.161.318-9', 'PAP-SC-003', 17, 'Pitrufquen'),
('2025-08-17', '9.766.245-5', 'TRG-GR-004', 176, 'Freire'),
('2025-09-06', '15.582.188-1', 'CBL-ML-010', 15, 'Temuco-1'),
('2025-08-11', '9.686.198-4', 'MAN-FJ-001', 150, 'Temuco-2'),
('2025-10-02', '10.896.771-7', 'TRG-GR-004', 115, 'Freire'),
('2025-10-06', '13.179.971-8', 'PLT-HS-009', 28, 'Freire'),
('2025-06-10', '6.726.156-0', 'CBL-ML-010', 160, 'Temuco-1'),
('2025-04-23', '15.891.537-7', 'TOM-LM-007', 16, 'Temuco-2'),
('2025-07-18', '8.295.668-0', 'ARD-PR-002', 164, 'Temuco-2'),
('2025-02-11', '18.832.358-1', 'MAN-FJ-001', 187, 'Pitrufquen'),
('2025-10-02', '22.357.467-0', 'MAZ-FR-006', 163, 'Villarrica'),
('2025-10-15', '19.163.496-7', 'TRG-GR-004', 30, 'Villarrica'),
('2025-04-24', '12.530.919-7', 'CER-EX-005', 185, 'Freire'),
('2025-10-01', '5.200.861-7', 'TOM-LM-007', 106, 'Temuco-2'),
('2025-09-22', '6.726.156-0', 'TRG-GR-004', 33, 'Quepe'),
('2025-08-07', '25.328.356-7', 'PAP-SC-003', 114, 'Quepe'),
('2025-10-14', '24.407.513-5', 'ARD-PR-002', 55, 'Pitrufquen'),
('2025-01-09', '24.407.513-5', 'CER-EX-005', 25, 'Villarrica'),
('2025-01-24', '18.832.358-1', 'CBL-ML-010', 166, 'Temuco-1'),
('2025-03-15', '9.502.648-9', 'MAN-FJ-001', 144, 'Quepe'),
('2025-09-27', '15.413.682-2', 'MAZ-FR-006', 35, 'Villarrica'),
('2025-03-11', '19.650.408-6', 'CBL-ML-010', 193, 'Temuco-2'),
('2025-09-15', '10.896.771-7', 'PAP-SC-003', 115, 'Pitrufquen'),
('2025-07-28', '18.733.954-4', 'CER-EX-005', 47, 'Pitrufquen'),
('2025-06-07', '9.686.198-4', 'MAZ-FR-006', 61, 'Villarrica'),
('2025-02-02', '22.910.721-8', 'CBL-ML-010', 126, 'Villarrica'),
('2025-01-28', '10.896.771-7', 'PLT-HS-009', 166, 'Pitrufquen'),
('2025-09-08', '9.686.198-4', 'TOM-LM-007', 24, 'Temuco-2'),
('2025-11-06', '9.766.245-5', 'CER-EX-005', 89, 'Freire'),
('2025-03-25', '6.161.318-9', 'ARD-PR-002', 93, 'Pitrufquen'),
('2025-04-11', '13.404.775-3', 'TRG-GR-004', 95, 'Quepe'),
('2025-07-10', '20.718.339-3', 'CBL-ML-010', 34, 'Pitrufquen'),
('2025-09-11', '7.493.518-9', 'CBL-ML-010', 32, 'Temuco-1'),
('2025-03-04', '8.295.668-0', 'MAN-FJ-001', 179, 'Temuco-2'),
('2025-03-11', '24.407.513-5', 'CBL-ML-010', 156, 'Pitrufquen'),
('2025-05-02', '15.582.188-1', 'UVA-MS-008', 83, 'Pitrufquen'),
('2025-11-06', '19.163.496-7', 'MAN-FJ-001', 111, 'Pitrufquen'),
('2025-09-09', '7.493.518-9', 'ARD-PR-002', 24, 'Temuco-2'),
('2025-09-17', '9.766.245-5', 'MAN-FJ-001', 81, 'Temuco-1'),
('2025-09-14', '15.891.537-7', 'PLT-HS-009', 195, 'Quepe'),
('2025-03-07', '12.468.720-1', 'TOM-LM-007', 15, 'Pitrufquen'),
('2025-02-11', '21.990.907-8', 'CER-EX-005', 189, 'Pitrufquen'),
('2025-07-18', '22.910.721-8', 'UVA-MS-008', 131, 'Freire'),
('2025-10-03', '18.733.954-4', 'ARD-PR-002', 199, 'Temuco-2'),
('2025-07-18', '15.413.682-2', 'TRG-GR-004', 71, 'Quepe'),
('2025-08-22', '22.357.467-0', 'PLT-HS-009', 138, 'Freire'),
('2025-07-17', '21.990.907-8', 'CBL-ML-010', 174, 'Quepe'),
('2025-06-04', '22.357.467-0', 'CER-EX-005', 93, 'Villarrica'),
('2025-05-05', '21.990.907-8', 'TOM-LM-007', 111, 'Temuco-1'),
('2025-01-19', '13.179.971-8', 'PAP-SC-003', 25, 'Pitrufquen'),
('2025-06-16', '22.357.467-0', 'MAZ-FR-006', 125, 'Quepe'),
('2025-11-09', '15.582.188-1', 'MAZ-FR-006', 55, 'Villarrica'),
('2025-03-26', '18.832.358-1', 'ARD-PR-002', 59, 'Temuco-1'),
('2025-08-01', '14.392.817-5', 'CER-EX-005', 131, 'Quepe'),
('2025-04-03', '20.236.496-9', 'CBL-ML-010', 152, 'Quepe'),
('2025-01-20', '14.392.817-5', 'TOM-LM-007', 100, 'Temuco-1'),
('2025-04-17', '12.168.524-3', 'PLT-HS-009', 13, 'Quepe'),
('2025-08-12', '13.680.483-6', 'TOM-LM-007', 11, 'Pitrufquen'),
('2025-06-02', '13.680.483-6', 'TRG-GR-004', 139, 'Villarrica'),
('2025-05-04', '13.404.775-3', 'TRG-GR-004', 43, 'Villarrica'),
('2025-02-23', '7.711.886-9', 'TOM-LM-007', 129, 'Temuco-2'),
('2025-06-05', '9.297.112-2', 'PAP-SC-003', 180, 'Quepe'),
('2025-04-13', '6.161.318-9', 'TOM-LM-007', 71, 'Freire'),
('2025-07-07', '15.250.120-6', 'MAN-FJ-001', 55, 'Temuco-2'),
('2025-11-03', '6.726.156-0', 'TOM-LM-007', 191, 'Pitrufquen'),
('2025-04-13', '24.770.180-2', 'CBL-ML-010', 42, 'Pitrufquen'),
('2025-08-24', '19.163.496-7', 'MAZ-FR-006', 174, 'Quepe'),
('2025-01-05', '16.559.983-4', 'PLT-HS-009', 139, 'Quepe'),
('2025-05-11', '22.357.467-0', 'PLT-HS-009', 185, 'Freire'),
('2025-10-11', '9.686.198-4', 'ARD-PR-002', 199, 'Temuco-2'),
('2025-11-16', '10.869.381-9', 'CBL-ML-010', 10, 'Pitrufquen'),
('2025-02-02', '7.951.542-4', 'MAN-FJ-001', 11, 'Freire'),
('2025-05-18', '20.236.496-9', 'ARD-PR-002', 96, 'Quepe'),
('2025-08-13', '24.407.513-5', 'TOM-LM-007', 156, 'Quepe'),
('2025-01-19', '18.231.382-9', 'TOM-LM-007', 54, 'Freire'),
('2025-03-01', '22.910.721-8', 'MAN-FJ-001', 168, 'Temuco-1'),
('2025-04-09', '11.253.387-9', 'CER-EX-005', 97, 'Freire'),
('2025-11-05', '7.951.542-4', 'PAP-SC-003', 117, 'Temuco-2'),
('2025-04-28', '22.357.467-0', 'MAN-FJ-001', 79, 'Pitrufquen'),
('2025-02-16', '24.770.180-2', 'CBL-ML-010', 103, 'Freire'),
('2025-09-06', '23.645.345-7', 'PAP-SC-003', 54, 'Quepe'),
('2025-10-20', '9.766.245-5', 'ARD-PR-002', 92, 'Freire'),
('2025-02-06', '15.582.188-1', 'ARD-PR-002', 107, 'Temuco-1'),
('2025-03-22', '6.161.318-9', 'UVA-MS-008', 132, 'Temuco-1'),
('2025-04-04', '18.832.358-1', 'UVA-MS-008', 130, 'Temuco-2'),
('2025-06-02', '16.559.983-4', 'MAN-FJ-001', 151, 'Temuco-1'),
('2025-05-16', '15.250.120-6', 'MAN-FJ-001', 92, 'Pitrufquen'),
('2025-07-17', '7.951.542-4', 'CBL-ML-010', 101, 'Pitrufquen'),
('2025-01-05', '10.896.771-7', 'CER-EX-005', 26, 'Freire'),
('2025-11-28', '6.726.156-0', 'MAN-FJ-001', 162, 'Temuco-2'),
('2025-06-05', '6.161.318-9', 'PLT-HS-009', 100, 'Freire'),
('2025-02-28', '13.179.971-8', 'MAN-FJ-001', 80, 'Temuco-2'),
('2025-03-07', '9.766.245-5', 'UVA-MS-008', 196, 'Quepe'),
('2025-09-23', '9.502.648-9', 'MAZ-FR-006', 167, 'Quepe'),
('2025-04-13', '19.912.644-0', 'MAZ-FR-006', 137, 'Villarrica'),
('2025-04-17', '22.357.467-0', 'ARD-PR-002', 69, 'Temuco-1'),
('2025-07-15', '7.711.886-9', 'MAZ-FR-006', 11, 'Pitrufquen'),
('2025-06-22', '8.295.668-0', 'TRG-GR-004', 75, 'Freire'),
('2025-10-25', '7.711.886-9', 'ARD-PR-002', 75, 'Freire'),
('2025-08-25', '13.404.775-3', 'CER-EX-005', 42, 'Pitrufquen'),
('2025-06-04', '7.493.518-9', 'PAP-SC-003', 96, 'Quepe'),
('2025-10-17', '19.912.644-0', 'MAN-FJ-001', 60, 'Freire'),
('2025-06-03', '23.645.345-7', 'PLT-HS-009', 67, 'Villarrica'),
('2025-11-18', '13.404.775-3', 'TRG-GR-004', 80, 'Villarrica'),
('2025-09-10', '5.200.861-7', 'MAN-FJ-001', 199, 'Pitrufquen'),
('2025-11-17', '9.686.198-4', 'MAN-FJ-001', 143, 'Freire'),
('2025-02-17', '19.163.496-7', 'UVA-MS-008', 171, 'Pitrufquen'),
('2025-05-05', '19.912.644-0', 'MAN-FJ-001', 175, 'Freire'),
('2025-07-28', '13.857.463-9', 'MAZ-FR-006', 30, 'Pitrufquen'),
('2025-07-15', '8.295.668-0', 'TOM-LM-007', 30, 'Quepe'),
('2025-03-01', '13.857.463-9', 'MAN-FJ-001', 139, 'Temuco-1'),
('2025-06-24', '7.951.542-4', 'MAZ-FR-006', 109, 'Temuco-1'),
('2025-11-24', '15.250.120-6', 'MAN-FJ-001', 105, 'Temuco-1'),
('2025-04-06', '7.951.542-4', 'PAP-SC-003', 54, 'Temuco-2'),
('2025-11-10', '20.236.496-9', 'MAN-FJ-001', 140, 'Freire'),
('2025-01-04', '7.951.542-4', 'MAZ-FR-006', 171, 'Temuco-2'),
('2025-08-25', '19.928.255-1', 'ARD-PR-002', 180, 'Temuco-1'),
('2025-07-07', '13.404.775-3', 'CER-EX-005', 195, 'Temuco-2'),
('2025-05-03', '18.231.382-9', 'ARD-PR-002', 18, 'Pitrufquen'),
('2025-05-23', '12.168.524-3', 'CER-EX-005', 101, 'Temuco-1'),
('2025-04-19', '6.625.612-1', 'ARD-PR-002', 185, 'Temuco-1'),
('2025-11-08', '13.404.775-3', 'CBL-ML-010', 14, 'Villarrica'),
('2025-06-10', '9.766.245-5', 'PAP-SC-003', 22, 'Pitrufquen'),
('2025-03-22', '9.502.648-9', 'PAP-SC-003', 88, 'Temuco-1'),
('2025-05-27', '23.645.345-7', 'TOM-LM-007', 70, 'Villarrica'),
('2025-11-17', '24.672.250-4', 'PAP-SC-003', 60, 'Temuco-2'),
('2025-05-25', '23.645.345-7', 'UVA-MS-008', 130, 'Villarrica'),
('2025-05-19', '21.857.541-1', 'CBL-ML-010', 135, 'Temuco-1'),
('2025-10-13', '16.559.983-4', 'PLT-HS-009', 61, 'Temuco-2'),
('2025-03-08', '25.328.356-7', 'UVA-MS-008', 63, 'Temuco-2'),
('2025-06-18', '10.896.771-7', 'TRG-GR-004', 116, 'Temuco-2'),
('2025-10-13', '15.582.188-1', 'TRG-GR-004', 62, 'Temuco-1'),
('2025-10-11', '13.857.463-9', 'TOM-LM-007', 63, 'Pitrufquen'),
('2025-03-11', '20.236.496-9', 'PAP-SC-003', 195, 'Quepe'),
('2025-11-28', '13.857.463-9', 'MAZ-FR-006', 182, 'Pitrufquen'),
('2025-05-27', '18.231.382-9', 'TRG-GR-004', 66, 'Temuco-2'),
('2025-08-01', '5.139.485-4', 'TRG-GR-004', 40, 'Villarrica'),
('2025-11-15', '7.493.518-9', 'ARD-PR-002', 146, 'Freire'),
('2025-09-28', '18.832.358-1', 'PLT-HS-009', 138, 'Freire'),
('2025-07-15', '15.413.682-2', 'TOM-LM-007', 21, 'Freire'),
('2025-05-21', '12.168.524-3', 'TOM-LM-007', 187, 'Quepe'),
('2025-01-26', '13.857.463-9', 'TRG-GR-004', 133, 'Villarrica'),
('2025-01-10', '18.733.954-4', 'PLT-HS-009', 125, 'Quepe'),
('2025-07-19', '19.650.408-6', 'ARD-PR-002', 115, 'Quepe');